hours,payRate,grossPay,eiRate,cppRate,netPay
43.0,18.05,776.14996,1.64,5.95,717.2402
27.0,22.5,607.5,1.64,5.95,561.39075
60.0,18.05,1083.0,1.64,5.95,1000.8003
